Stratum,n,UseDigital_mean,OnlineSales_mean,RemoteWork_mean,Protocols_mean,ACI_mean,CSI_mean
Size: Small (5-19),83,43.7419718309859,17.841320754717,8.63545454545455,45.9041923076923,-0.177009643282128,0.127445350052606
Size: Medium (20-99),78,52.1426470588235,19.6064,9.15136363636364,49.6615416666667,0.0345780603306885,0.113219569728759
Size: Micro (0-4),77,,,,41.7295641025641,,-0.176362653935693
Size: Large (100+),57,56.8561538461539,19.9192105263158,13.0393333333333,56.7826,0.308694920775951,-0.0456971023375319
